{"rouge1": 0.396061, 
"rouge2": 0.173995, 
"rougeL": 0.245815, 
"rougeLsum": 0.361158}