{"rouge1": 0.29619837757842016, "rouge2": 0.0874257227590668, "rougeL": 0.2293298588442471, "rougeLsum": 0.22919889446721442}