{"rouge1": 0.4267732831551504, "rouge2": 0.19817278181827536, "rougeL": 0.3425978145713223, "rougeLsum": 0.3426185352735921}