{"rouge1": 0.6664254157808236, "rouge2": 0.29508888855380816, "rougeL": 0.2464679362494534, "rougeLsum": 0.2464679362494534, "sacre_bleu": 10.789577}