{"rouge1": 0.4303452525290829, "rouge2": 0.20620360044309444, "rougeL": 0.30292147178526396, "rougeLsum": 0.36567504226623404}