{"rouge1": 0.4343649830581158, "rouge2": 0.21631658457411035, "rougeL": 0.3121093020419644, "rougeLsum": 0.37412962342013895}